,Ensemble: Random Forest,Random Forest,Ensemble: Ada Boost,Ada Boost,Ensemble: SVC,SVC,Ensemble: Logistic Regression,Logistic Regression,Ensemble: Random Forest-Ada Boost,Ensemble: Random Forest-SVC,Ensemble: Random Forest-Logistic Regression,Ensemble: Ada Boost-SVC,Ensemble: Ada Boost-Logistic Regression,Ensemble: SVC-Logistic Regression,Ensemble: Random Forest-Ada Boost-SVC,Ensemble: Random Forest-Ada Boost-Logistic Regression,Ensemble: Random Forest-SVC-Logistic Regression,Ensemble: Ada Boost-SVC-Logistic Regression,Ensemble: Random Forest-Ada Boost-SVC-Logistic Regression
AUC,0.959477472674,0.95418291386,0.949850735774,0.95262069309,0.94969619823,0.919000354484,0.929434934567,0.923940429072,0.95418291386,0.962247429989,0.970311946118,0.959322935129,0.962047483308,0.953828429635,0.962247429989,0.970311946118,0.964817440624,0.974244230842,0.964817440624
Accuracy,0.956204379562,0.956204379562,0.941605839416,0.948905109489,0.941605839416,0.919708029197,0.919708029197,0.912408759124,0.956204379562,0.963503649635,0.970802919708,0.956204379562,0.956204379562,0.948905109489,0.963503649635,0.970802919708,0.963503649635,0.970802919708,0.963503649635
Recall,0.956204379562,0.956204379562,0.941605839416,0.948905109489,0.941605839416,0.919708029197,0.919708029197,0.912408759124,0.956204379562,0.963503649635,0.970802919708,0.956204379562,0.956204379562,0.948905109489,0.963503649635,0.970802919708,0.963503649635,0.970802919708,0.963503649635
Precision,0.954877239549,0.95848540146,0.941827805524,0.948289635508,0.941961242545,0.924945931333,0.917177615572,0.909351132623,0.958052296036,0.96478191788,0.971526997618,0.957404917403,0.955386447171,0.951240875912,0.96478191788,0.971526997618,0.964400051223,0.970471605322,0.964400051223
F1,0.955032654629,0.953413738674,0.941654710157,0.947423226473,0.940154910298,0.91168998212,0.916145290233,0.90726666165,0.954687648118,0.961815194644,0.969901603794,0.955503190285,0.955654972137,0.94742787626,0.961815194644,0.969901603794,0.96264715674,0.970488972608,0.96264715674
