,Ensemble: Random Forest,Random Forest,Ensemble: Ada Boost,Ada Boost,Ensemble: SVC,SVC,Ensemble: Logistic Regression,Logistic Regression,Ensemble: Random Forest-Ada Boost,Ensemble: Random Forest-SVC,Ensemble: Random Forest-Logistic Regression,Ensemble: Ada Boost-SVC,Ensemble: Ada Boost-Logistic Regression,Ensemble: SVC-Logistic Regression,Ensemble: Random Forest-Ada Boost-SVC,Ensemble: Random Forest-Ada Boost-Logistic Regression,Ensemble: Random Forest-SVC-Logistic Regression,Ensemble: Ada Boost-SVC-Logistic Regression,Ensemble: Random Forest-Ada Boost-SVC-Logistic Regression
AUC,0.95418291386,0.95418291386,0.939061671466,0.950050682455,0.964817440624,0.959322935129,0.964817440624,0.964817440624,0.95418291386,0.970311946118,0.975806451613,0.962247429989,0.95418291386,0.970311946118,0.970311946118,0.959677419355,0.975806451613,0.970311946118,0.975806451613
Accuracy,0.956204379562,0.956204379562,0.934306569343,0.948905109489,0.963503649635,0.956204379562,0.963503649635,0.963503649635,0.956204379562,0.970802919708,0.978102189781,0.963503649635,0.956204379562,0.970802919708,0.970802919708,0.963503649635,0.978102189781,0.970802919708,0.978102189781
Recall,0.956204379562,0.956204379562,0.934306569343,0.948905109489,0.963503649635,0.956204379562,0.963503649635,0.963503649635,0.956204379562,0.970802919708,0.978102189781,0.963503649635,0.956204379562,0.970802919708,0.970802919708,0.963503649635,0.978102189781,0.970802919708,0.978102189781
Precision,0.95848540146,0.95848540146,0.932673940053,0.948590835361,0.964954145611,0.95838728529,0.964954145611,0.964954145611,0.95848540146,0.971800446797,0.978944413251,0.965137286433,0.95848540146,0.971800446797,0.971800446797,0.965784671533,0.978944413251,0.971800446797,0.978944413251
F1,0.953413738674,0.953413738674,0.928353649333,0.94624518406,0.960494345967,0.951711478054,0.960494345967,0.960494345967,0.953413738674,0.968971341774,0.977184228839,0.960542784183,0.953413738674,0.968971341774,0.968971341774,0.961966688833,0.977184228839,0.968971341774,0.977184228839
